Country;Year;Top_10%;Top_1%
Australia;1980;0.2445;0.058
Australia;1981;0.2436;0.0559
Australia;1982;0.2482;0.0561
Australia;1983;0.2438;0.056
Australia;1984;0.2482;0.0599
Australia;1985;0.2531;0.0633
Australia;1986;0.2605;0.0675
Australia;1987;0.2779;0.0796
Australia;1988;0.2948;0.0981
Australia;1989;0.2736;0.0804
Australia;1990;0.2671;0.075
Australia;1991;0.2723;0.0735
Australia;1992;0.2763;0.0766
Australia;1993;0.282;0.0817
Australia;1994;0.2865;0.0857
Australia;1995;0.282;0.0841
Australia;1996;0.2786;0.0827
Australia;1997;0.287;0.0869
Australia;1998;0.2895;0.09
Australia;1999;0.3015;0.1001
Australia;2000;0.3071;0.1059
Australia;2001;0.2933;0.0965
Australia;2002;0.3016;0.1016
Australia;2003;0.3028;0.1069
Australia;2004;0.3066;0.1116
Australia;2005;0.3118;0.1124
Australia;2006;0.3255;0.1239
Australia;2007;0.315;0.1191
Australia;2008;0.2977;0.1061
Australia;2009;0.3119;0.1127
Australia;2010;0.3137;0.1149
Australia;2011;0.3059;0.1094
Australia;2012;0.3182;0.1165
Australia;2013;0.3293;0.1248
Australia;2014;0.327;0.119
Australia;2015;0.3286;0.118
Australia;2016;0.3251;0.1144
Australia;2017;0.3356;0.128
Australia;2018;0.3366;0.1292
Australia;2019;0.336;0.1285
Austria;1980;0.3285;0.112
Austria;1981;0.3272;0.11
Austria;1982;0.3293;0.1091
Austria;1983;0.3342;0.1109
Austria;1984;0.3337;0.1107
Austria;1985;0.3322;0.1102
Austria;1986;0.3325;0.1101
Austria;1987;0.3355;0.1118
Austria;1988;0.3349;0.1117
Austria;1989;0.3357;0.1118
Austria;1990;0.3338;0.1114
Austria;1991;0.3328;0.1113
Austria;1992;0.3316;0.1108
Austria;1993;0.3323;0.1112
Austria;1994;0.333;0.1117
Austria;1995;0.3305;0.1101
Austria;1996;0.333;0.1109
Austria;1997;0.3391;0.1141
Austria;1998;0.3466;0.1188
Austria;1999;0.3294;0.1073
Austria;2000;0.3479;0.1184
Austria;2001;0.3369;0.1125
Austria;2002;0.3471;0.1156
Austria;2003;0.3614;0.1221
Austria;2004;0.3414;0.1148
Austria;2005;0.3549;0.1127
Austria;2006;0.3748;0.1331
Austria;2007;0.353;0.1149
Austria;2008;0.3553;0.1231
Austria;2009;0.3424;0.1082
Austria;2010;0.3472;0.1137
Austria;2011;0.3386;0.1111
Austria;2012;0.3189;0.0827
Austria;2013;0.3212;0.0896
Austria;2014;0.3408;0.111
Austria;2015;0.3331;0.1016
Austria;2016;0.3417;0.1108
Austria;2017;0.3338;0.0988
Austria;2018;0.3352;0.0992
Austria;2019;0.3388;0.1012
Belgium;1980;0.3223;0.0866
Belgium;1981;0.3187;0.0822
Belgium;1982;0.3155;0.0797
Belgium;1983;0.3153;0.0792
Belgium;1984;0.3128;0.075
Belgium;1985;0.3228;0.0776
Belgium;1986;0.3333;0.0819
Belgium;1987;0.3381;0.088
Belgium;1988;0.3381;0.0869
Belgium;1989;0.3349;0.0898
Belgium;1990;0.3293;0.0824
Belgium;1991;0.3241;0.078
Belgium;1992;0.3205;0.0757
Belgium;1993;0.3204;0.0756
Belgium;1994;0.3309;0.0823
Belgium;1995;0.3264;0.0808
Belgium;1996;0.3295;0.0837
Belgium;1997;0.3284;0.0826
Belgium;1998;0.3263;0.0814
Belgium;1999;0.3267;0.0821
Belgium;2000;0.3267;0.0821
Belgium;2001;0.3219;0.0797
Belgium;2002;0.3159;0.0763
Belgium;2003;0.3154;0.0767
Belgium;2004;0.322;0.0852
Belgium;2005;0.3197;0.0844
Belgium;2006;0.3241;0.0872
Belgium;2007;0.3334;0.0951
Belgium;2008;0.3172;0.085
Belgium;2009;0.3093;0.0749
Belgium;2010;0.3135;0.0763
Belgium;2011;0.3114;0.0794
Belgium;2012;0.3137;0.0817
Belgium;2013;0.3163;0.082
Belgium;2014;0.3187;0.0835
Belgium;2015;0.3183;0.0848
Belgium;2016;0.3211;0.0863
Belgium;2017;0.3183;0.085
Belgium;2018;0.3286;0.086
Belgium;2019;0.3289;0.0863
Canada;1980;0.3621;0.0918
Canada;1981;0.3492;0.0848
Canada;1982;0.3435;0.0839
Canada;1983;0.354;0.0893
Canada;1984;0.3503;0.091
Canada;1985;0.3481;0.0924
Canada;1986;0.3455;0.0913
Canada;1987;0.3505;0.1
Canada;1988;0.3545;0.1072
Canada;1989;0.3626;0.1164
Canada;1990;0.3381;0.0948
Canada;1991;0.3418;0.0922
Canada;1992;0.3492;0.0943
Canada;1993;0.3637;0.1043
Canada;1994;0.3869;0.1085
Canada;1995;0.3649;0.1054
Canada;1996;0.3718;0.1118
Canada;1997;0.3798;0.122
Canada;1998;0.3819;0.1254
Canada;1999;0.3849;0.1308
Canada;2000;0.4009;0.1475
Canada;2001;0.3915;0.1389
Canada;2002;0.39;0.1349
Canada;2003;0.3908;0.1351
Canada;2004;0.3983;0.1443
Canada;2005;0.407;0.154
Canada;2006;0.4147;0.161
Canada;2007;0.4169;0.1634
Canada;2008;0.4072;0.1509
Canada;2009;0.3935;0.1327
Canada;2010;0.4022;0.1404
Canada;2011;0.4036;0.1412
Canada;2012;0.399;0.1348
Canada;2013;0.409;0.1464
Canada;2014;0.4128;0.1513
Canada;2015;0.4132;0.1576
Canada;2016;0.3941;0.1334
Canada;2017;0.4095;0.1501
Canada;2018;0.4086;0.1493
Canada;2019;0.407;0.1479
Czech Republic;1980;0.182;0.0257
Czech Republic;1981;0.181;0.0255
Czech Republic;1982;0.1809;0.0254
Czech Republic;1983;0.1804;0.0254
Czech Republic;1984;0.1798;0.0253
Czech Republic;1985;0.1792;0.0252
Czech Republic;1986;0.1812;0.0267
Czech Republic;1987;0.182;0.0281
Czech Republic;1988;0.1835;0.0295
Czech Republic;1989;0.1966;0.0383
Czech Republic;1990;0.2087;0.0471
Czech Republic;1991;0.2356;0.0673
Czech Republic;1992;0.2623;0.0879
Czech Republic;1993;0.2842;0.1036
Czech Republic;1994;0.2979;0.1127
Czech Republic;1995;0.2938;0.1079
Czech Republic;1996;0.299;0.1095
Czech Republic;1997;0.2864;0.1007
Czech Republic;1998;0.306;0.1151
Czech Republic;1999;0.3025;0.1125
Czech Republic;2000;0.3001;0.1107
Czech Republic;2001;0.2997;0.1115
Czech Republic;2002;0.2923;0.106
Czech Republic;2003;0.2972;0.1069
Czech Republic;2004;0.2977;0.1082
Czech Republic;2005;0.3014;0.1155
Czech Republic;2006;0.3017;0.1055
Czech Republic;2007;0.3027;0.1129
Czech Republic;2008;0.3215;0.1356
Czech Republic;2009;0.2984;0.1139
Czech Republic;2010;0.2978;0.1073
Czech Republic;2011;0.29;0.1031
Czech Republic;2012;0.3033;0.1114
Czech Republic;2013;0.2966;0.1041
Czech Republic;2014;0.3029;0.1061
Czech Republic;2015;0.3072;0.1122
Czech Republic;2016;0.2979;0.1077
Czech Republic;2017;0.2953;0.1073
Czech Republic;2018;0.2877;0.102
Czech Republic;2019;0.2854;0.1002
Denmark;1980;0.26;0.0679
Denmark;1981;0.2577;0.0662
Denmark;1982;0.257;0.0682
Denmark;1983;0.27;0.0818
Denmark;1984;0.2768;0.0894
Denmark;1985;0.2823;0.0949
Denmark;1986;0.2709;0.0849
Denmark;1987;0.2724;0.084
Denmark;1988;0.2683;0.0788
Denmark;1989;0.2712;0.0818
Denmark;1990;0.2725;0.0821
Denmark;1991;0.2714;0.0818
Denmark;1992;0.273;0.0826
Denmark;1993;0.2732;0.0828
Denmark;1994;0.282;0.092
Denmark;1995;0.2836;0.0936
Denmark;1996;0.2863;0.0962
Denmark;1997;0.2981;0.1054
Denmark;1998;0.2954;0.1031
Denmark;1999;0.3097;0.1146
Denmark;2000;0.3131;0.1171
Denmark;2001;0.2959;0.1017
Denmark;2002;0.2949;0.1006
Denmark;2003;0.285;0.0923
Denmark;2004;0.2908;0.0977
Denmark;2005;0.3065;0.11
Denmark;2006;0.3108;0.1148
Denmark;2007;0.305;0.1094
Denmark;2008;0.3007;0.1037
Denmark;2009;0.29;0.095
Denmark;2010;0.3156;0.1142
Denmark;2011;0.3165;0.1146
Denmark;2012;0.3175;0.1176
Denmark;2013;0.3276;0.1221
Denmark;2014;0.3349;0.1291
Denmark;2015;0.3301;0.1273
Denmark;2016;0.333;0.1277
Denmark;2017;0.3333;0.1251
Denmark;2018;0.3328;0.1237
Denmark;2019;0.3364;0.1272
Estonia;1980;0.2335;0.0483
Estonia;1981;0.2335;0.0483
Estonia;1982;0.2335;0.0483
Estonia;1983;0.2335;0.0483
Estonia;1984;0.2335;0.0483
Estonia;1985;0.2336;0.0484
Estonia;1986;0.2336;0.0484
Estonia;1987;0.2336;0.0484
Estonia;1988;0.2336;0.0484
Estonia;1989;0.2675;0.0673
Estonia;1990;0.3072;0.0892
Estonia;1991;0.3503;0.1117
Estonia;1992;0.3657;0.1161
Estonia;1993;0.4066;0.1494
Estonia;1994;0.4043;0.1458
Estonia;1995;0.4186;0.1603
Estonia;1996;0.43;0.1742
Estonia;1997;0.4221;0.1657
Estonia;1998;0.4239;0.1615
Estonia;1999;0.4164;0.1589
Estonia;2000;0.4156;0.1558
Estonia;2001;0.4116;0.1502
Estonia;2002;0.4274;0.163
Estonia;2003;0.4297;0.1613
Estonia;2004;0.4099;0.1541
Estonia;2005;0.4472;0.1924
Estonia;2006;0.4086;0.1552
Estonia;2007;0.3947;0.1556
Estonia;2008;0.3753;0.1308
Estonia;2009;0.3439;0.095
Estonia;2010;0.359;0.1096
Estonia;2011;0.3718;0.1261
Estonia;2012;0.3912;0.1409
Estonia;2013;0.388;0.1282
Estonia;2014;0.3841;0.13
Estonia;2015;0.3579;0.1114
Estonia;2016;0.3621;0.123
Estonia;2017;0.3534;0.1274
Estonia;2018;0.3595;0.1302
Estonia;2019;0.3462;0.1165
Finland;1980;0.2707;0.0638
Finland;1981;0.2617;0.0545
Finland;1982;0.2569;0.0518
Finland;1983;0.2589;0.0532
Finland;1984;0.2663;0.0599
Finland;1985;0.2629;0.056
Finland;1986;0.2594;0.053
Finland;1987;0.2723;0.0651
Finland;1988;0.2747;0.0672
Finland;1989;0.2649;0.0573
Finland;1990;0.2508;0.045
Finland;1991;0.2391;0.0389
Finland;1992;0.238;0.0373
Finland;1993;0.2514;0.0482
Finland;1994;0.2825;0.0713
Finland;1995;0.2979;0.0894
Finland;1996;0.3014;0.0909
Finland;1997;0.318;0.106
Finland;1998;0.3263;0.1157
Finland;1999;0.3335;0.1254
Finland;2000;0.3458;0.1347
Finland;2001;0.3374;0.1288
Finland;2002;0.333;0.1254
Finland;2003;0.3258;0.118
Finland;2004;0.3379;0.1295
Finland;2005;0.3213;0.1101
Finland;2006;0.3336;0.1181
Finland;2007;0.3311;0.1155
Finland;2008;0.3406;0.1126
Finland;2009;0.3228;0.0901
Finland;2010;0.3264;0.0962
Finland;2011;0.3235;0.0924
Finland;2012;0.3177;0.0876
Finland;2013;0.3153;0.086
Finland;2014;0.3205;0.0901
Finland;2015;0.3293;0.0956
Finland;2016;0.329;0.0968
Finland;2017;0.3386;0.1061
Finland;2018;0.3361;0.1049
Finland;2019;0.334;0.1028
France;1980;0.3162;0.086
France;1981;0.3062;0.0818
France;1982;0.2993;0.0762
France;1983;0.3061;0.079
France;1984;0.3091;0.081
France;1985;0.3149;0.084
France;1986;0.3246;0.0919
France;1987;0.3296;0.0958
France;1988;0.3348;0.1002
France;1989;0.3366;0.1016
France;1990;0.333;0.0996
France;1991;0.3284;0.0952
France;1992;0.3221;0.0906
France;1993;0.3228;0.0919
France;1994;0.3236;0.093
France;1995;0.3232;0.0925
France;1996;0.3263;0.0978
France;1997;0.3311;0.1032
France;1998;0.3338;0.1055
France;1999;0.3362;0.1076
France;2000;0.3375;0.1096
France;2001;0.3362;0.1091
France;2002;0.3312;0.1057
France;2003;0.3367;0.1121
France;2004;0.3388;0.1151
France;2005;0.3356;0.1128
France;2006;0.3357;0.1131
France;2007;0.3407;0.1172
France;2008;0.3369;0.1131
France;2009;0.3219;0.0988
France;2010;0.3272;0.1056
France;2011;0.3336;0.1115
France;2012;0.3251;0.1028
France;2013;0.3237;0.1012
France;2014;0.3243;0.1022
France;2015;0.3247;0.1005
France;2016;0.3229;0.099
France;2017;0.32;0.0977
France;2018;0.3201;0.0966
France;2019;0.3225;0.0986
Germany;1980;0.286;0.0984
Germany;1981;0.2814;0.094
Germany;1982;0.2802;0.092
Germany;1983;0.2846;0.0939
Germany;1984;0.2853;0.0943
Germany;1985;0.2874;0.0956
Germany;1986;0.2933;0.0997
Germany;1987;0.3011;0.104
Germany;1988;0.3156;0.1128
Germany;1989;0.3243;0.1178
Germany;1990;0.3256;0.1145
Germany;1991;0.3147;0.1032
Germany;1992;0.3103;0.0963
Germany;1993;0.3041;0.0922
Germany;1994;0.3;0.0893
Germany;1995;0.2975;0.0877
Germany;1996;0.3062;0.0954
Germany;1997;0.3136;0.1022
Germany;1998;0.3222;0.1098
Germany;1999;0.3213;0.1064
Germany;2000;0.322;0.1047
Germany;2001;0.3237;0.1029
Germany;2002;0.3237;0.1008
Germany;2003;0.3161;0.0946
Germany;2004;0.3286;0.1059
Germany;2005;0.3473;0.1206
Germany;2006;0.3541;0.1273
Germany;2007;0.3703;0.1361
Germany;2008;0.3675;0.1345
Germany;2009;0.3724;0.1297
Germany;2010;0.3668;0.1286
Germany;2011;0.3678;0.1279
Germany;2012;0.3632;0.1258
Germany;2013;0.3776;0.131
Germany;2014;0.3826;0.1325
Germany;2015;0.3818;0.1326
Germany;2016;0.381;0.1325
Germany;2017;0.3778;0.1317
Germany;2018;0.3729;0.1294
Germany;2019;0.3722;0.1287
Greece;1980;0.3621;0.0992
Greece;1981;0.374;0.1007
Greece;1982;0.3648;0.0957
Greece;1983;0.3557;0.0893
Greece;1984;0.3493;0.0893
Greece;1985;0.3545;0.0925
Greece;1986;0.3353;0.0926
Greece;1987;0.3363;0.0912
Greece;1988;0.3298;0.0909
Greece;1989;0.3244;0.0904
Greece;1990;0.3318;0.0914
Greece;1991;0.3304;0.0932
Greece;1992;0.3282;0.0916
Greece;1993;0.3387;0.0938
Greece;1994;0.3507;0.0963
Greece;1995;0.3535;0.0969
Greece;1996;0.3599;0.1
Greece;1997;0.3784;0.1152
Greece;1998;0.387;0.1216
Greece;1999;0.3954;0.1287
Greece;2000;0.4029;0.1255
Greece;2001;0.3982;0.1233
Greece;2002;0.3789;0.1097
Greece;2003;0.3627;0.1076
Greece;2004;0.3712;0.1144
Greece;2005;0.3747;0.1144
Greece;2006;0.3664;0.1137
Greece;2007;0.3556;0.1067
Greece;2008;0.3315;0.0891
Greece;2009;0.3251;0.0846
Greece;2010;0.3374;0.0881
Greece;2011;0.3142;0.0728
Greece;2012;0.3177;0.0785
Greece;2013;0.3329;0.0994
Greece;2014;0.3574;0.125
Greece;2015;0.3538;0.1222
Greece;2016;0.3467;0.1162
Greece;2017;0.3383;0.1093
Greece;2018;0.3276;0.1092
Greece;2019;0.3253;0.1074
Hungary;1980;0.1817;0.0289
Hungary;1981;0.1802;0.0286
Hungary;1982;0.1788;0.0282
Hungary;1983;0.1728;0.028
Hungary;1984;0.1665;0.0278
Hungary;1985;0.1685;0.0286
Hungary;1986;0.1708;0.0296
Hungary;1987;0.1804;0.0341
Hungary;1988;0.1908;0.0387
Hungary;1989;0.2081;0.046
Hungary;1990;0.2285;0.0539
Hungary;1991;0.2419;0.0596
Hungary;1992;0.2623;0.0677
Hungary;1993;0.2649;0.0711
Hungary;1994;0.2665;0.0703
Hungary;1995;0.2586;0.0729
Hungary;1996;0.2637;0.0801
Hungary;1997;0.2762;0.0829
Hungary;1998;0.2814;0.087
Hungary;1999;0.2916;0.0889
Hungary;2000;0.2891;0.0924
Hungary;2001;0.3079;0.1014
Hungary;2002;0.3243;0.1094
Hungary;2003;0.3238;0.107
Hungary;2004;0.3161;0.1054
Hungary;2005;0.3363;0.1184
Hungary;2006;0.3464;0.1257
Hungary;2007;0.3488;0.1132
Hungary;2008;0.3415;0.1127
Hungary;2009;0.332;0.1105
Hungary;2010;0.3367;0.1143
Hungary;2011;0.328;0.1094
Hungary;2012;0.3181;0.1025
Hungary;2013;0.3327;0.1157
Hungary;2014;0.3288;0.1159
Hungary;2015;0.3295;0.1171
Hungary;2016;0.3306;0.1203
Hungary;2017;0.3357;0.1191
Hungary;2018;0.3359;0.1199
Hungary;2019;0.3395;0.1239
Ireland;1980;0.3107;0.09
Ireland;1981;0.3071;0.0885
Ireland;1982;0.3163;0.091
Ireland;1983;0.3204;0.0922
Ireland;1984;0.3111;0.0894
Ireland;1985;0.3093;0.0882
Ireland;1986;0.3079;0.0877
Ireland;1987;0.3093;0.0874
Ireland;1988;0.3057;0.0877
Ireland;1989;0.3074;0.0895
Ireland;1990;0.3091;0.0904
Ireland;1991;0.318;0.0944
Ireland;1992;0.3264;0.0968
Ireland;1993;0.3233;0.0951
Ireland;1994;0.3313;0.0974
Ireland;1995;0.3307;0.1007
Ireland;1996;0.3168;0.097
Ireland;1997;0.3337;0.1072
Ireland;1998;0.3559;0.1207
Ireland;1999;0.3485;0.1173
Ireland;2000;0.3642;0.1255
Ireland;2001;0.3537;0.1187
Ireland;2002;0.355;0.1206
Ireland;2003;0.3623;0.124
Ireland;2004;0.3602;0.1232
Ireland;2005;0.3704;0.1325
Ireland;2006;0.3744;0.135
Ireland;2007;0.3594;0.1202
Ireland;2008;0.322;0.1026
Ireland;2009;0.3247;0.1001
Ireland;2010;0.3234;0.0992
Ireland;2011;0.3245;0.0987
Ireland;2012;0.31;0.0928
Ireland;2013;0.3227;0.1
Ireland;2014;0.3264;0.1022
Ireland;2015;0.3498;0.1164
Ireland;2016;0.3559;0.1204
Ireland;2017;0.3488;0.1164
Ireland;2018;0.354;0.1197
Ireland;2019;0.3516;0.1179
Italy;1980;0.2458;0.0515
Italy;1981;0.2362;0.0469
Italy;1982;0.2335;0.0456
Italy;1983;0.2328;0.0452
Italy;1984;0.2377;0.0476
Italy;1985;0.2428;0.0506
Italy;1986;0.2552;0.0576
Italy;1987;0.2592;0.0588
Italy;1988;0.2681;0.0617
Italy;1989;0.2709;0.063
Italy;1990;0.2713;0.0624
Italy;1991;0.2704;0.0629
Italy;1992;0.2737;0.0633
Italy;1993;0.2794;0.0658
Italy;1994;0.2819;0.0677
Italy;1995;0.2894;0.0729
Italy;1996;0.2929;0.0747
Italy;1997;0.296;0.0759
Italy;1998;0.3018;0.0791
Italy;1999;0.3013;0.0774
Italy;2000;0.3085;0.082
Italy;2001;0.3146;0.0869
Italy;2002;0.3098;0.0833
Italy;2003;0.3078;0.0832
Italy;2004;0.3074;0.0819
Italy;2005;0.3068;0.0815
Italy;2006;0.3086;0.0827
Italy;2007;0.3104;0.0823
Italy;2008;0.3072;0.0788
Italy;2009;0.3041;0.076
Italy;2010;0.3089;0.0803
Italy;2011;0.3129;0.0821
Italy;2012;0.3116;0.0809
Italy;2013;0.3084;0.0791
Italy;2014;0.3087;0.0799
Italy;2015;0.3075;0.078
Italy;2016;0.3215;0.0888
Italy;2017;0.3289;0.0921
Italy;2018;0.3285;0.0913
Italy;2019;0.3255;0.0891
Japan;1980;0.3649;0.1089
Japan;1981;0.3602;0.1054
Japan;1982;0.3593;0.1048
Japan;1983;0.3612;0.1043
Japan;1984;0.3649;0.1059
Japan;1985;0.3714;0.1088
Japan;1986;0.3795;0.1141
Japan;1987;0.3981;0.1277
Japan;1988;0.4043;0.1305
Japan;1989;0.4125;0.1405
Japan;1990;0.4177;0.1482
Japan;1991;0.4056;0.1386
Japan;1992;0.3641;0.1014
Japan;1993;0.3692;0.1033
Japan;1994;0.3726;0.1016
Japan;1995;0.3831;0.1057
Japan;1996;0.3934;0.1127
Japan;1997;0.3907;0.1067
Japan;1998;0.394;0.1055
Japan;1999;0.4011;0.1081
Japan;2000;0.4132;0.1152
Japan;2001;0.4257;0.1176
Japan;2002;0.4362;0.1207
Japan;2003;0.4442;0.1256
Japan;2004;0.4546;0.1339
Japan;2005;0.4565;0.1383
Japan;2006;0.4585;0.1397
Japan;2007;0.4602;0.14
Japan;2008;0.4507;0.1322
Japan;2009;0.4401;0.1246
Japan;2010;0.4495;0.1308
Japan;2011;0.4473;0.1287
Japan;2012;0.4478;0.1296
Japan;2013;0.4493;0.1315
Japan;2014;0.449;0.1311
Japan;2015;0.45;0.1322
Japan;2016;0.4493;0.1315
Japan;2017;0.4489;0.1311
Japan;2018;0.4489;0.1311
Japan;2019;0.4489;0.1311
Korea;1980;0.3276;0.0953
Korea;1981;0.3245;0.0898
Korea;1982;0.3304;0.0912
Korea;1983;0.3397;0.0976
Korea;1984;0.3388;0.0983
Korea;1985;0.3318;0.0954
Korea;1986;0.3328;0.0946
Korea;1987;0.3382;0.097
Korea;1988;0.3412;0.0976
Korea;1989;0.3404;0.0953
Korea;1990;0.3414;0.0944
Korea;1991;0.3413;0.0926
Korea;1992;0.3409;0.0906
Korea;1993;0.3445;0.0916
Korea;1994;0.3486;0.0931
Korea;1995;0.3515;0.0936
Korea;1996;0.3728;0.0926
Korea;1997;0.3813;0.0968
Korea;1998;0.352;0.0777
Korea;1999;0.3737;0.0926
Korea;2000;0.3863;0.1013
Korea;2001;0.3953;0.1056
Korea;2002;0.4102;0.1152
Korea;2003;0.4167;0.1164
Korea;2004;0.4218;0.1229
Korea;2005;0.4074;0.1219
Korea;2006;0.4479;0.1302
Korea;2007;0.4553;0.139
Korea;2008;0.4614;0.1415
Korea;2009;0.457;0.1399
Korea;2010;0.4659;0.148
Korea;2011;0.4662;0.1498
Korea;2012;0.4622;0.1467
Korea;2013;0.46;0.145
Korea;2014;0.4605;0.1454
Korea;2015;0.464;0.1476
Korea;2016;0.4664;0.1491
Korea;2017;0.4671;0.1498
Korea;2018;0.4666;0.1493
Korea;2019;0.4645;0.1471
Luxembourg;1980;0.3528;0.1352
Luxembourg;1981;0.3528;0.1352
Luxembourg;1982;0.3528;0.1352
Luxembourg;1983;0.3528;0.1352
Luxembourg;1984;0.3528;0.1352
Luxembourg;1985;0.3528;0.1352
Luxembourg;1986;0.3539;0.1362
Luxembourg;1987;0.3568;0.1371
Luxembourg;1988;0.3584;0.1381
Luxembourg;1989;0.361;0.1401
Luxembourg;1990;0.3637;0.1399
Luxembourg;1991;0.3651;0.1404
Luxembourg;1992;0.3644;0.1411
Luxembourg;1993;0.3623;0.1401
Luxembourg;1994;0.3654;0.1414
Luxembourg;1995;0.3676;0.1434
Luxembourg;1996;0.3756;0.1489
Luxembourg;1997;0.3815;0.1525
Luxembourg;1998;0.3907;0.1589
Luxembourg;1999;0.3851;0.1529
Luxembourg;2000;0.3779;0.1453
Luxembourg;2001;0.3824;0.1471
Luxembourg;2002;0.3685;0.1325
Luxembourg;2003;0.3626;0.126
Luxembourg;2004;0.3962;0.1575
Luxembourg;2005;0.4096;0.1692
Luxembourg;2006;0.3578;0.1209
Luxembourg;2007;0.3981;0.163
Luxembourg;2008;0.3847;0.1529
Luxembourg;2009;0.3332;0.103
Luxembourg;2010;0.3668;0.1391
Luxembourg;2011;0.3541;0.1273
Luxembourg;2012;0.3409;0.114
Luxembourg;2013;0.333;0.1063
Luxembourg;2014;0.328;0.1001
Luxembourg;2015;0.3252;0.0974
Luxembourg;2016;0.3283;0.1009
Luxembourg;2017;0.338;0.1068
Luxembourg;2018;0.333;0.1009
Luxembourg;2019;0.3353;0.1037
Netherlands;1980;0.2625;0.0589
Netherlands;1981;0.2627;0.058
Netherlands;1982;0.264;0.0581
Netherlands;1983;0.2691;0.0604
Netherlands;1984;0.271;0.0607
Netherlands;1985;0.2703;0.0599
Netherlands;1986;0.2707;0.0602
Netherlands;1987;0.2701;0.0598
Netherlands;1988;0.2704;0.0596
Netherlands;1989;0.2703;0.0595
Netherlands;1990;0.2657;0.0577
Netherlands;1991;0.2641;0.0574
Netherlands;1992;0.2608;0.0564
Netherlands;1993;0.2631;0.055
Netherlands;1994;0.2681;0.0565
Netherlands;1995;0.2753;0.059
Netherlands;1996;0.275;0.0593
Netherlands;1997;0.2771;0.0607
Netherlands;1998;0.2755;0.0594
Netherlands;1999;0.277;0.0603
Netherlands;2000;0.2767;0.0622
Netherlands;2001;0.288;0.0695
Netherlands;2002;0.2868;0.0682
Netherlands;2003;0.2892;0.0677
Netherlands;2004;0.294;0.0701
Netherlands;2005;0.2972;0.0718
Netherlands;2006;0.2963;0.0709
Netherlands;2007;0.3102;0.0787
Netherlands;2008;0.2855;0.0676
Netherlands;2009;0.2866;0.0656
Netherlands;2010;0.2917;0.0673
Netherlands;2011;0.2894;0.0659
Netherlands;2012;0.2926;0.0657
Netherlands;2013;0.2843;0.0636
Netherlands;2014;0.2928;0.0687
Netherlands;2015;0.2926;0.0688
Netherlands;2016;0.2923;0.069
Netherlands;2017;0.299;0.0706
Netherlands;2018;0.296;0.0699
Netherlands;2019;0.2941;0.0691
New Zealand;1980;0.2911;0.0616
New Zealand;1981;0.2904;0.0613
New Zealand;1982;0.2952;0.0622
New Zealand;1983;0.3095;0.0697
New Zealand;1984;0.3025;0.0691
New Zealand;1985;0.2907;0.0657
New Zealand;1986;0.2789;0.0579
New Zealand;1987;0.2763;0.0635
New Zealand;1988;0.2821;0.0659
New Zealand;1989;0.3045;0.0814
New Zealand;1990;0.3308;0.0999
New Zealand;1991;0.3174;0.0868
New Zealand;1992;0.3303;0.0933
New Zealand;1993;0.3382;0.0986
New Zealand;1994;0.3387;0.1022
New Zealand;1995;0.3383;0.1032
New Zealand;1996;0.326;0.098
New Zealand;1997;0.3373;0.1052
New Zealand;1998;0.3548;0.1168
New Zealand;1999;0.359;0.1316
New Zealand;2000;0.3297;0.0969
New Zealand;2001;0.3401;0.1042
New Zealand;2002;0.3399;0.1048
New Zealand;2003;0.3433;0.1122
New Zealand;2004;0.344;0.1172
New Zealand;2005;0.3278;0.1027
New Zealand;2006;0.3029;0.0912
New Zealand;2007;0.301;0.0913
New Zealand;2008;0.2963;0.0906
New Zealand;2009;0.3151;0.0994
New Zealand;2010;0.3117;0.0951
New Zealand;2011;0.326;0.1026
New Zealand;2012;0.343;0.1137
New Zealand;2013;0.3324;0.1019
New Zealand;2014;0.3338;0.1039
New Zealand;2015;0.3383;0.1096
New Zealand;2016;0.337;0.1117
New Zealand;2017;0.3445;0.1177
New Zealand;2018;0.3465;0.1194
New Zealand;2019;0.3457;0.1187
Norway;1980;0.2723;0.0746
Norway;1981;0.2672;0.0732
Norway;1982;0.2629;0.071
Norway;1983;0.2592;0.0697
Norway;1984;0.2653;0.0776
Norway;1985;0.2678;0.0796
Norway;1986;0.2391;0.0572
Norway;1987;0.2366;0.0555
Norway;1988;0.229;0.0499
Norway;1989;0.2308;0.0566
Norway;1990;0.2339;0.0584
Norway;1991;0.2357;0.0597
Norway;1992;0.2452;0.0687
Norway;1993;0.2623;0.0802
Norway;1994;0.2741;0.0848
Norway;1995;0.275;0.0848
Norway;1996;0.2918;0.0974
Norway;1997;0.3062;0.1056
Norway;1998;0.2828;0.0888
Norway;1999;0.2931;0.0983
Norway;2000;0.3253;0.1258
Norway;2001;0.3007;0.1062
Norway;2002;0.3051;0.114
Norway;2003;0.3123;0.1183
Norway;2004;0.3194;0.1226
Norway;2005;0.3265;0.1269
Norway;2006;0.3336;0.1312
Norway;2007;0.3362;0.1308
Norway;2008;0.3412;0.1379
Norway;2009;0.3092;0.1095
Norway;2010;0.3252;0.1223
Norway;2011;0.3276;0.1224
Norway;2012;0.3297;0.1241
Norway;2013;0.324;0.1186
Norway;2014;0.322;0.1151
Norway;2015;0.3064;0.0981
Norway;2016;0.3052;0.0961
Norway;2017;0.3083;0.1
Norway;2018;0.3189;0.1087
Norway;2019;0.3011;0.0933
Poland;1980;0.2247;0.0435
Poland;1981;0.2247;0.0435
Poland;1982;0.2247;0.0435
Poland;1983;0.2247;0.0435
Poland;1984;0.2316;0.0487
Poland;1985;0.2275;0.043
Poland;1986;0.2272;0.0428
Poland;1987;0.222;0.0439
Poland;1988;0.2189;0.0423
Poland;1989;0.2317;0.0451
Poland;1990;0.2442;0.0551
Poland;1991;0.2601;0.0663
Poland;1992;0.2586;0.0761
Poland;1993;0.2649;0.0818
Poland;1994;0.2871;0.0971
Poland;1995;0.3108;0.1106
Poland;1996;0.3086;0.09
Poland;1997;0.3083;0.0977
Poland;1998;0.3228;0.1092
Poland;1999;0.3194;0.1071
Poland;2000;0.3329;0.1042
Poland;2001;0.333;0.0996
Poland;2002;0.3424;0.104
Poland;2003;0.352;0.1021
Poland;2004;0.3631;0.1292
Poland;2005;0.3622;0.1352
Poland;2006;0.3705;0.1424
Poland;2007;0.3719;0.1576
Poland;2008;0.3783;0.1493
Poland;2009;0.3644;0.1363
Poland;2010;0.3662;0.1342
Poland;2011;0.3698;0.1394
Poland;2012;0.3674;0.1386
Poland;2013;0.3658;0.1362
Poland;2014;0.3726;0.1426
Poland;2015;0.3778;0.1491
Poland;2016;0.3743;0.1472
Poland;2017;0.371;0.1452
Poland;2018;0.3746;0.1465
Poland;2019;0.3764;0.1479
Portugal;1980;0.2874;0.0668
Portugal;1981;0.2775;0.0676
Portugal;1982;0.306;0.0672
Portugal;1983;0.316;0.0732
Portugal;1984;0.316;0.0753
Portugal;1985;0.3207;0.078
Portugal;1986;0.3369;0.0791
Portugal;1987;0.3335;0.0815
Portugal;1988;0.3351;0.0847
Portugal;1989;0.3479;0.0873
Portugal;1990;0.3316;0.0894
Portugal;1991;0.3413;0.091
Portugal;1992;0.348;0.092
Portugal;1993;0.361;0.096
Portugal;1994;0.364;0.0968
Portugal;1995;0.367;0.0986
Portugal;1996;0.3625;0.0968
Portugal;1997;0.3703;0.1014
Portugal;1998;0.3691;0.1027
Portugal;1999;0.377;0.1078
Portugal;2000;0.3747;0.1047
Portugal;2001;0.3937;0.1117
Portugal;2002;0.3811;0.1032
Portugal;2003;0.3731;0.1026
Portugal;2004;0.3941;0.1088
Portugal;2005;0.3878;0.1041
Portugal;2006;0.3962;0.1052
Portugal;2007;0.3953;0.111
Portugal;2008;0.3806;0.0973
Portugal;2009;0.3747;0.0967
Portugal;2010;0.3794;0.1004
Portugal;2011;0.3827;0.1116
Portugal;2012;0.3667;0.1014
Portugal;2013;0.3725;0.1054
Portugal;2014;0.3731;0.1072
Portugal;2015;0.3716;0.1086
Portugal;2016;0.373;0.1093
Portugal;2017;0.3764;0.1165
Portugal;2018;0.3674;0.1114
Portugal;2019;0.3651;0.1089
Slovakia;1980;0.23;0.0421
Slovakia;1981;0.2258;0.0395
Slovakia;1982;0.2266;0.0391
Slovakia;1983;0.2252;0.0395
Slovakia;1984;0.2241;0.0391
Slovakia;1985;0.2236;0.039
Slovakia;1986;0.2259;0.0404
Slovakia;1987;0.2159;0.0353
Slovakia;1988;0.2147;0.0367
Slovakia;1989;0.2134;0.0375
Slovakia;1990;0.2159;0.0394
Slovakia;1991;0.2358;0.0505
Slovakia;1992;0.2342;0.0519
Slovakia;1993;0.2444;0.0526
Slovakia;1994;0.2512;0.0605
Slovakia;1995;0.2478;0.0574
Slovakia;1996;0.2537;0.0613
Slovakia;1997;0.2598;0.0649
Slovakia;1998;0.2726;0.0579
Slovakia;1999;0.2731;0.0754
Slovakia;2000;0.2739;0.0739
Slovakia;2001;0.293;0.087
Slovakia;2002;0.309;0.1006
Slovakia;2003;0.2834;0.0805
Slovakia;2004;0.3071;0.0981
Slovakia;2005;0.3043;0.0942
Slovakia;2006;0.3088;0.0961
Slovakia;2007;0.3061;0.093
Slovakia;2008;0.298;0.0867
Slovakia;2009;0.2956;0.0924
Slovakia;2010;0.3177;0.1099
Slovakia;2011;0.3024;0.0957
Slovakia;2012;0.2956;0.0941
Slovakia;2013;0.3252;0.1159
Slovakia;2014;0.2994;0.1019
Slovakia;2015;0.3152;0.1112
Slovakia;2016;0.2929;0.0909
Slovakia;2017;0.2726;0.0838
Slovakia;2018;0.274;0.0785
Slovakia;2019;0.269;0.074
Slovenia;1980;0.2251;0.0428
Slovenia;1981;0.2251;0.0428
Slovenia;1982;0.2251;0.0428
Slovenia;1983;0.2251;0.0428
Slovenia;1984;0.2251;0.0428
Slovenia;1985;0.2251;0.0428
Slovenia;1986;0.2251;0.0428
Slovenia;1987;0.2251;0.0428
Slovenia;1988;0.2251;0.0428
Slovenia;1989;0.2251;0.0428
Slovenia;1990;0.2251;0.0428
Slovenia;1991;0.2259;0.0431
Slovenia;1992;0.2381;0.0488
Slovenia;1993;0.2688;0.0568
Slovenia;1994;0.2642;0.0599
Slovenia;1995;0.282;0.0646
Slovenia;1996;0.2896;0.0662
Slovenia;1997;0.2888;0.0697
Slovenia;1998;0.2896;0.0722
Slovenia;1999;0.3006;0.0775
Slovenia;2000;0.29;0.0726
Slovenia;2001;0.2869;0.0689
Slovenia;2002;0.2927;0.07
Slovenia;2003;0.3012;0.075
Slovenia;2004;0.3018;0.0761
Slovenia;2005;0.3027;0.0746
Slovenia;2006;0.3031;0.0779
Slovenia;2007;0.3037;0.0816
Slovenia;2008;0.3041;0.0808
Slovenia;2009;0.2978;0.0713
Slovenia;2010;0.2986;0.0718
Slovenia;2011;0.2926;0.0702
Slovenia;2012;0.2947;0.0693
Slovenia;2013;0.293;0.0706
Slovenia;2014;0.2996;0.0781
Slovenia;2015;0.2902;0.0711
Slovenia;2016;0.2939;0.0738
Slovenia;2017;0.2946;0.0795
Slovenia;2018;0.2958;0.0803
Slovenia;2019;0.2952;0.0796
Spain;1980;0.3491;0.1135
Spain;1981;0.3467;0.1115
Spain;1982;0.3485;0.1122
Spain;1983;0.3483;0.109
Spain;1984;0.35;0.1081
Spain;1985;0.3519;0.1098
Spain;1986;0.3636;0.1174
Spain;1987;0.3643;0.1179
Spain;1988;0.3672;0.1185
Spain;1989;0.3745;0.1218
Spain;1990;0.367;0.117
Spain;1991;0.3605;0.1145
Spain;1992;0.3523;0.1124
Spain;1993;0.3468;0.1099
Spain;1994;0.3537;0.1143
Spain;1995;0.3547;0.1166
Spain;1996;0.3539;0.1153
Spain;1997;0.3441;0.1102
Spain;1998;0.342;0.1092
Spain;1999;0.3462;0.1118
Spain;2000;0.3423;0.11
Spain;2001;0.3369;0.1058
Spain;2002;0.3393;0.1088
Spain;2003;0.3428;0.1112
Spain;2004;0.3402;0.1098
Spain;2005;0.3378;0.1085
Spain;2006;0.347;0.1132
Spain;2007;0.3464;0.1134
Spain;2008;0.3476;0.1161
Spain;2009;0.3588;0.1263
Spain;2010;0.3434;0.1154
Spain;2011;0.3406;0.1135
Spain;2012;0.3464;0.1214
Spain;2013;0.3469;0.1204
Spain;2014;0.3488;0.1215
Spain;2015;0.3507;0.1242
Spain;2016;0.3489;0.125
Spain;2017;0.3496;0.1261
Spain;2018;0.346;0.125
Spain;2019;0.348;0.1266
Sweden;1980;0.2563;0.0712
Sweden;1981;0.2555;0.0726
Sweden;1982;0.2657;0.0824
Sweden;1983;0.2696;0.0858
Sweden;1984;0.2824;0.0977
Sweden;1985;0.2805;0.0956
Sweden;1986;0.2794;0.0939
Sweden;1987;0.2796;0.0944
Sweden;1988;0.2865;0.1013
Sweden;1989;0.2788;0.0948
Sweden;1990;0.2644;0.08
Sweden;1991;0.2703;0.0797
Sweden;1992;0.2676;0.0775
Sweden;1993;0.2764;0.0847
Sweden;1994;0.3051;0.1075
Sweden;1995;0.313;0.1154
Sweden;1996;0.305;0.105
Sweden;1997;0.3156;0.1137
Sweden;1998;0.3162;0.1151
Sweden;1999;0.3183;0.1167
Sweden;2000;0.3092;0.1009
Sweden;2001;0.2965;0.0877
Sweden;2002;0.2996;0.0914
Sweden;2003;0.3109;0.1047
Sweden;2004;0.316;0.111
Sweden;2005;0.3246;0.1162
Sweden;2006;0.3355;0.1274
Sweden;2007;0.3286;0.1224
Sweden;2008;0.3179;0.1121
Sweden;2009;0.3028;0.0968
Sweden;2010;0.3144;0.1094
Sweden;2011;0.3092;0.1038
Sweden;2012;0.298;0.0976
Sweden;2013;0.2989;0.0977
Sweden;2014;0.3014;0.0989
Sweden;2015;0.3096;0.1039
Sweden;2016;0.2924;0.0908
Sweden;2017;0.3014;0.0984
Sweden;2018;0.2945;0.094
Sweden;2019;0.2961;0.0954
Switzerland;1980;0.3124;0.1073
Switzerland;1981;0.3123;0.1073
Switzerland;1982;0.3146;0.1101
Switzerland;1983;0.3172;0.1131
Switzerland;1984;0.3188;0.1131
Switzerland;1985;0.3202;0.113
Switzerland;1986;0.3203;0.1137
Switzerland;1987;0.32;0.1142
Switzerland;1988;0.3167;0.1117
Switzerland;1989;0.3134;0.1091
Switzerland;1990;0.3122;0.1091
Switzerland;1991;0.3046;0.103
Switzerland;1992;0.2961;0.0958
Switzerland;1993;0.2978;0.0967
Switzerland;1994;0.2989;0.0985
Switzerland;1995;0.2977;0.0982
Switzerland;1996;0.3133;0.1089
Switzerland;1997;0.3188;0.1136
Switzerland;1998;0.3229;0.1154
Switzerland;1999;0.3166;0.1096
Switzerland;2000;0.3227;0.1132
Switzerland;2001;0.3138;0.1054
Switzerland;2002;0.3043;0.095
Switzerland;2003;0.3226;0.1133
Switzerland;2004;0.329;0.1181
Switzerland;2005;0.3414;0.1276
Switzerland;2006;0.3486;0.1325
Switzerland;2007;0.3352;0.1178
Switzerland;2008;0.3118;0.1007
Switzerland;2009;0.3168;0.1054
Switzerland;2010;0.3364;0.1213
Switzerland;2011;0.3389;0.1235
Switzerland;2012;0.3288;0.1133
Switzerland;2013;0.33;0.1123
Switzerland;2014;0.3282;0.1126
Switzerland;2015;0.3297;0.1171
Switzerland;2016;0.328;0.1155
Switzerland;2017;0.3195;0.1076
Switzerland;2018;0.3189;0.1102
Switzerland;2019;0.3256;0.1152
USA;1980;0.342;0.1048
USA;1981;0.3464;0.1069
USA;1982;0.3483;0.1097
USA;1983;0.3544;0.1135
USA;1984;0.3669;0.1199
USA;1985;0.3673;0.121
USA;1986;0.3643;0.1176
USA;1987;0.3738;0.1292
USA;1988;0.3908;0.1472
USA;1989;0.3867;0.1428
USA;1990;0.3864;0.1431
USA;1991;0.3843;0.1359
USA;1992;0.3947;0.1453
USA;1993;0.3912;0.1402
USA;1994;0.3917;0.1387
USA;1995;0.3996;0.144
USA;1996;0.4088;0.1515
USA;1997;0.4158;0.1586
USA;1998;0.42;0.1629
USA;1999;0.4231;0.1666
USA;2000;0.4286;0.1737
USA;2001;0.4201;0.1658
USA;2002;0.416;0.1607
USA;2003;0.4167;0.1627
USA;2004;0.4242;0.1695
USA;2005;0.4344;0.1778
USA;2006;0.4423;0.1837
USA;2007;0.442;0.1851
USA;2008;0.438;0.1812
USA;2009;0.4259;0.1672
USA;2010;0.4388;0.1772
USA;2011;0.4447;0.1822
USA;2012;0.4555;0.1933
USA;2013;0.4506;0.184
USA;2014;0.4567;0.1893
USA;2015;0.4568;0.1888
USA;2016;0.4543;0.1863
USA;2017;0.4535;0.188
USA;2018;0.4563;0.1896
USA;2019;0.4546;0.1876
United Kingdom;1980;0.2903;0.0718
United Kingdom;1981;0.2903;0.0718
United Kingdom;1982;0.2908;0.073
United Kingdom;1983;0.2957;0.0727
United Kingdom;1984;0.3017;0.0752
United Kingdom;1985;0.3027;0.0772
United Kingdom;1986;0.3051;0.0783
United Kingdom;1987;0.3078;0.0811
United Kingdom;1988;0.314;0.0858
United Kingdom;1989;0.3096;0.0814
United Kingdom;1990;0.3239;0.0816
United Kingdom;1991;0.3247;0.0817
United Kingdom;1992;0.3222;0.0769
United Kingdom;1993;0.3333;0.0868
United Kingdom;1994;0.342;0.099
United Kingdom;1995;0.3434;0.1003
United Kingdom;1996;0.355;0.1147
United Kingdom;1997;0.354;0.1192
United Kingdom;1998;0.3635;0.1281
United Kingdom;1999;0.3659;0.1204
United Kingdom;2000;0.3586;0.1159
United Kingdom;2001;0.3618;0.1154
United Kingdom;2002;0.3645;0.119
United Kingdom;2003;0.3758;0.1297
United Kingdom;2004;0.3702;0.1284
United Kingdom;2005;0.3815;0.141
United Kingdom;2006;0.3849;0.145
United Kingdom;2007;0.3857;0.1455
United Kingdom;2008;0.3689;0.1395
United Kingdom;2009;0.385;0.1417
United Kingdom;2010;0.3464;0.1215
United Kingdom;2011;0.3554;0.1302
United Kingdom;2012;0.3647;0.1263
United Kingdom;2013;0.3866;0.1369
United Kingdom;2014;0.3669;0.1323
United Kingdom;2015;0.356;0.1225
United Kingdom;2016;0.3562;0.1241
United Kingdom;2017;0.3592;0.133
United Kingdom;2018;0.3593;0.1296
United Kingdom;2019;0.3564;0.126
